"","govtrack","twitter","official_full","gender","party","state","birthday","official","ProgCauc","FreeCauc"
"1",300002,"SenAlexander","Lamar Alexander","M","Republican","TN","1940-07-03","Lamar Alexander","0",0
"2",300011,"SenatorBoxer","Barbara Boxer","F","Democrat","CA","1940-11-11","Barbara Boxer","0",0
"3",300018,"SenatorCantwell","Maria Cantwell","F","Democrat","WA","1958-10-13","Maria Cantwell","0",0
"4",300019,"SenatorCarper","Thomas R. Carper","M","Democrat","DE","1947-01-23","Thomas Carper","0",0
"5",300023,"SenThadCochran","Thad Cochran","M","Republican","MS","1937-12-07","Thad Cochran","0",0
"6",300025,"SenatorCollins","Susan M. Collins","F","Republican","ME","1952-12-07","Susan Collins","0",0
"7",300027,"JohnCornyn","John Cornyn","M","Republican","TX","1952-02-02","John Cornyn","0",0
"8",300030,"MikeCrapo","Mike Crapo","M","Republican","ID","1951-05-20","Mike Crapo","0",0
"9",300038,"SenatorDurbin","Richard J. Durbin","M","Democrat","IL","1944-11-21","Richard Durbin","0",0
"10",300041,"SenatorEnzi","Michael B. Enzi","M","Republican","WY","1944-02-01","Michael Enzi","0",0
"11",300043,"SenFeinstein","Dianne Feinstein","F","Democrat","CA","1933-06-22","Dianne Feinstein","0",0
"12",300047,"GrahamBlog","Lindsey Graham","M","Republican","SC","1955-07-09","Lindsey Graham","0",0
"13",300048,"ChuckGrassley","Chuck Grassley","M","Republican","IA","1933-09-17","Chuck Grassley","0",0
"14",300052,"SenOrrinHatch","Orrin G. Hatch","M","Republican","UT","1934-03-22","Orrin Hatch","0",0
"15",300055,"InhofePress","James M. Inhofe","M","Republican","OK","1934-11-17","James Inhofe","0",0
"16",300065,"SenatorLeahy","Patrick J. Leahy","M","Democrat","VT","1940-03-31","Patrick Leahy","0",0
"17",300071,"SenJohnMcCain","John McCain","M","Republican","AZ","1936-08-29","John McCain","0",0
"18",300072,"McConnellPress","Mitch McConnell","M","Republican","KY","1942-02-20","Mitch McConnell","0",0
"19",300073,"SenatorBarb","Barbara A. Mikulski","F","Democrat","MD","1936-07-20","Barbara Mikulski","0",0
"20",300075,"LisaMurkowski","Lisa Murkowski","F","Republican","AK","1957-05-22","Lisa Murkowski","0",0
"21",300076,"PattyMurray","Patty Murray","F","Democrat","WA","1950-10-11","Patty Murray","0",0
"22",300078,"SenBillNelson","Bill Nelson","M","Democrat","FL","1942-09-29","Bill Nelson","0",0
"23",300081,"SenJackReed","Jack Reed","M","Democrat","RI","1949-11-12","Jack Reed","0",0
"24",300082,"SenatorReid","Harry Reid","M","Democrat","NV","1939-12-02","Harry Reid","0",0
"25",300083,"SenPatRoberts","Pat Roberts","M","Republican","KS","1936-04-20","Pat Roberts","0",0
"26",300087,"SenSchumer","Charles E. Schumer","M","Democrat","NY","1950-11-23","Charles Schumer","0",0
"27",300088,"SenatorSessions","Jeff Sessions","M","Republican","AL","1946-12-24","Jeff Sessions","0",0
"28",300089,"SenShelby","Richard C. Shelby","M","Democrat","AL","1934-05-06","Richard Shelby","0",0
"29",300093,"SenStabenow","Debbie Stabenow","F","Democrat","MI","1950-04-29","Debbie Stabenow","0",0
"30",300100,"RonWyden","Ron Wyden","M","Democrat","OR","1949-05-03","Ron Wyden","0",0
"31",400004,"Robert_Aderholt","Robert B. Aderholt","M","Republican","AL","1965-07-22","Robert Aderholt","0",0
"32",400013,"SenatorBaldwin","Tammy Baldwin","F","Democrat","WI","1962-02-11","Tammy Baldwin","0",0
"33",400018,"RepJoeBarton","Joe Barton","M","Republican","TX","1949-09-15","Joe Barton","0",0
"34",400021,"RepBecerra","Xavier Becerra","M","Democrat","CA","1958-01-26","Xavier Becerra","1",0
"35",400029,"RepRobBishop","Rob Bishop","M","Republican","UT","1951-07-13","Rob Bishop","0",0
"36",400030,"SanfordBishop","Sanford D. Bishop Jr.","M","Democrat","GA","1947-02-04","Sanford Jr.","0",0
"37",400032,"MarshaBlackburn","Marsha Blackburn","F","Republican","TN","1952-06-06","Marsha Blackburn","0",0
"38",400033,"BlumenauerMedia","Earl Blumenauer","M","Democrat","OR","1948-08-16","Earl Blumenauer","0",0
"39",400034,"RoyBlunt","Roy Blunt","M","Republican","MO","1950-01-10","Roy Blunt","0",0
"40",400040,"JohnBoozman","John Boozman","M","Republican","AR","1950-12-10","John Boozman","0",0
"42",400046,"RepKevinBrady","Kevin Brady","M","Republican","TX","1955-04-11","Kevin Brady","0",0
"43",400047,"RepBrady","Robert A. Brady","M","Democrat","PA","1945-04-07","Robert Brady","0",0
"44",400048,"RepCorrineBrown","Corrine Brown","F","Democrat","FL","1946-11-11","Corrine Brown","1",0
"45",400052,"MichaelCBurgess","Michael C. Burgess","M","Republican","TX","1950-12-23","Michael Burgess","0",0
"46",400054,"SenatorBurr","Richard Burr","M","Republican","NC","1955-11-30","Richard Burr","0",0
"47",400057,"KenCalvert","Ken Calvert","M","Republican","CA","1953-06-08","Ken Calvert","0",0
"48",400061,"SenCapito","Shelley Moore Capito","F","Republican","WV","1953-11-26","Shelley Capito","0",0
"49",400062,"RepLoisCapps","Lois Capps","F","Democrat","CA","1938-01-10","Lois Capps","0",0
"50",400063,"RepMikeCapuano","Michael E. Capuano","M","Democrat","MA","1952-01-09","Michael Capuano","1",0
"51",400064,"SenatorCardin","Benjamin L. Cardin","M","Democrat","MD","1943-10-05","Benjamin Cardin","0",0
"52",400068,"JudgeCarter","John R. Carter","M","Republican","TX","1941-11-06","John Carter","0",0
"53",400071,"RepSteveChabot","Steve Chabot","M","Republican","OH","1953-01-22","Steve Chabot","0",0
"55",400075,"Clyburn","James E. Clyburn","M","Democrat","SC","1940-07-21","James Clyburn","0",0
"56",400077,"TomColeOK04","Tom Cole","M","Republican","OK","1949-04-28","Tom Cole","0",0
"57",400080,"RepJohnConyers","John Conyers Jr.","M","Democrat","MI","1929-05-16","John Jr.","0",0
"58",400081,"RepJimCooper","Jim Cooper","M","Democrat","TN","1954-06-19","Jim Cooper","0",0
"59",400086,"AnderCrenshaw","Ander Crenshaw","M","Independent","FL","1944-09-01","Ander Crenshaw","1",0
"60",400087,"RepJoeCrowley","Joseph Crowley","M","Democrat","NY","1962-03-16","Joseph Crowley","0",0
"61",400089,"CongCulberson","John Abney Culberson","M","Republican","TX","1956-08-24","John Culberson","0",0
"62",400090,"RepCummings","Elijah E. Cummings","M","Democrat","MD","1951-01-18","Elijah Cummings","1",0
"63",400093,"RepDannyDavis","Danny K. Davis","M","Democrat","IL","1941-09-06","Danny Davis","1",0
"64",400097,"RepSusanDavis","Susan A. Davis","F","Democrat","CA","1944-04-13","Susan Davis","0",0
"65",400100,"RepPeterDeFazio","Peter A. DeFazio","M","Democrat","OR","1947-05-27","Peter DeFazio","1",0
"66",400101,"RepDianaDeGette","Diana DeGette","F","Democrat","CO","1957-07-29","Diana DeGette","0",0
"67",400103,"RosaDeLauro","Rosa L. DeLauro","F","Democrat","CT","1943-03-02","Rosa DeLauro","1",0
"68",400108,"MarioDB","Mario Diaz-Balart","M","Republican","FL","1961-09-25","Mario Diaz-Balart","0",0
"69",400111,"RepLloydDoggett","Lloyd Doggett","M","Democrat","TX","1946-10-06","Lloyd Doggett","0",0
"70",400114,"USRepMikeDoyle","Michael F. Doyle","M","Democrat","PA","1953-08-05","Michael Doyle","0",0
"71",400116,"RepJohnDuncanJr","John J. Duncan Jr.","M","Republican","TN","1947-07-21","John Jr.","0",0
"72",400122,"RepEliotEngel","Eliot L. Engel","M","Democrat","NY","1947-02-18","Eliot Engel","0",0
"73",400124,"RepAnnaEshoo","Anna G. Eshoo","F","Democrat","CA","1942-12-13","Anna Eshoo","0",0
"74",400129,"RepSamFarr","Sam Farr","M","Democrat","CA","1941-07-04","Sam Farr","1",0
"75",400134,"JeffFlake","Jeff Flake","M","Republican","AZ","1962-12-31","Jeff Flake","0",0
"76",400137,"Randy_Forbes","J. Randy Forbes","M","Republican","VA","1952-02-17","J. Forbes","0",0
"77",400141,"RepTrentFranks","Trent Franks","M","Republican","AZ","1957-06-19","Trent Franks","0",1
"78",400142,"USRepRodney","Rodney P. Frelinghuysen","M","Republican","NJ","1946-04-29","Rodney Frelinghuysen","0",0
"79",400145,"RepGarrett","Scott Garrett","M","Republican","NJ","1959-07-09","Scott Garrett","0",1
"80",400154,"RepGoodlatte","Bob Goodlatte","M","Republican","VA","1952-09-22","Bob Goodlatte","0",0
"81",400157,"RepKayGranger","Kay Granger","F","Republican","TX","1943-01-18","Kay Granger","0",0
"82",400158,"RepSamGraves","Sam Graves","M","Republican","MO","1963-11-07","Sam Graves","0",0
"83",400160,"RepGeneGreen","Gene Green","M","Democrat","TX","1947-10-17","Gene Green","0",0
"84",400162,"RepraulGrijalva","Raúl M. Grijalva","M","Democrat","AZ","1948-02-19","Raúl Grijalva","0",0
"85",400163,"LuisGutierrez","Luis V. Gutiérrez","M","Democrat","IL","1953-12-10","Luis Gutiérrez","0",0
"86",400170,"RepHastingsFL","Alcee L. Hastings","M","Democrat","FL","1936-09-05","Alcee Hastings","1",0
"87",400175,"RepHensarling","Jeb Hensarling","M","Republican","TX","1957-05-29","Jeb Hensarling","1",0
"88",400179,"USRepRHinojosa","Rubén Hinojosa","M","Democrat","TX","1940-08-20","Rubén Hinojosa","0",0
"89",400185,"RepMikeHonda","Michael M. Honda","M","Democrat","CA","1941-06-27","Michael Honda","1",0
"90",400189,"WhipHoyer","Steny H. Hoyer","M","Democrat","MD","1939-06-14","Steny Hoyer","0",0
"91",400194,"SenatorIsakson","Johnny Isakson","M","Republican","GA","1944-12-28","Johnny Isakson","0",0
"92",400195,"RepSteveIsrael","Steve Israel","M","Democrat","NY","1958-05-30","Steve Israel","0",0
"93",400196,"DarrellIssa","Darrell E. Issa","M","Republican","CA","1953-11-01","Darrell Issa","0",0
"94",400199,"JacksonLeeTX18","Sheila Jackson Lee","F","Democrat","TX","1950-01-12","Sheila Lee","1",0
"95",400204,"RepEBJ","Eddie Bernice Johnson","F","Democrat","TX","1935-12-03","Eddie Johnson","1",0
"96",400206,"SamsPressShop","Sam Johnson","M","Republican","TX","1930-10-11","Sam Johnson","0",0
"97",400209,"RepWalterJones","Walter B. Jones","M","Republican","NC","1943-02-10","Walter Jones","0",0
"98",400211,"RepMarcyKaptur","Marcy Kaptur","F","Democrat","OH","1946-06-17","Marcy Kaptur","0",0
"99",400218,"RepRonKind","Ron Kind","M","Democrat","WI","1963-03-16","Ron Kind","0",0
"100",400219,"RepPeteKing","Peter T. King","M","Republican","NY","1944-04-05","Peter King","0",0
"101",400220,"SteveKingIA","Steve King","M","Republican","IA","1949-05-28","Steve King","0",0
"102",400222,"SenatorKirk","Mark Kirk","M","Republican","IL","1959-09-15","Mark Kirk","0",0
"103",400224,"RepJohnKline","John Kline","M","Republican","MN","1947-09-06","John Kline","0",0
"104",400230,"JimLangevin","James R. Langevin","M","Democrat","RI","1964-04-22","James Langevin","0",0
"105",400232,"RepRickLarsen","Rick Larsen","M","Democrat","WA","1965-06-15","Rick Larsen","0",0
"106",400233,"RepJohnLarson","John B. Larson","M","Democrat","CT","1948-07-22","John Larson","0",0
"107",400237,"RepBarbaraLee","Barbara Lee","F","Democrat","CA","1946-07-16","Barbara Lee","1",0
"108",400238,"RepSandyLevin","Sander M. Levin","M","Democrat","MI","1931-09-06","Sander Levin","0",0
"109",400240,"RepJohnLewis","John Lewis","M","Democrat","GA","1940-02-21","John Lewis","1",0
"110",400244,"RepLoBiondo","Frank A. LoBiondo","M","Republican","NJ","1946-05-12","Frank LoBiondo","0",0
"111",400245,"RepZoeLofgren","Zoe Lofgren","F","Democrat","CA","1947-12-21","Zoe Lofgren","0",0
"112",400246,"NitaLowey","Nita M. Lowey","F","Democrat","NY","1937-07-05","Nita Lowey","0",0
"113",400247,"RepFrankLucas","Frank D. Lucas","M","Republican","OK","1960-01-06","Frank Lucas","0",0
"114",400249,"RepStephenLynch","Stephen F. Lynch","M","Democrat","MA","1955-03-31","Stephen Lynch","0",0
"115",400251,"RepMaloney","Carolyn B. Maloney","F","Democrat","NY","1946-02-19","Carolyn Maloney","1",0
"116",400253,"SenMarkey","Edward J. Markey","M","Democrat","MA","1946-07-11","Edward Markey","0",0
"117",400259,"BettyMcCollum04","Betty McCollum","F","Democrat","MN","1954-07-12","Betty McCollum","0",0
"118",400262,"RepJimMcDermott","Jim McDermott","M","Democrat","WA","1936-12-28","Jim McDermott","1",0
"119",400263,"RepMcGovern","James P. McGovern","M","Democrat","MA","1959-11-20","James McGovern","1",0
"120",400271,"GregoryMeeks","Gregory W. Meeks","M","Democrat","NY","1953-09-25","Gregory Meeks","0",0
"121",400272,"SenatorMenendez","Robert Menendez","M","Democrat","NJ","1954-01-01","Robert Menendez","0",0
"123",400276,"CandiceMiller","Candice S. Miller","F","Republican","MI","1954-05-07","Candice Miller","0",0
"125",400284,"JerryMoran","Jerry Moran","M","Republican","KS","1954-05-29","Jerry Moran","0",0
"126",400285,"RepTimMurphy","Tim Murphy","M","Republican","PA","1952-09-11","Tim Murphy","0",0
"127",400289,"RepJerryNadler","Jerrold Nadler","M","Democrat","NY","1947-06-13","Jerrold Nadler","1",0
"128",400290,"GraceNapolitano","Grace F. Napolitano","F","Democrat","CA","1936-12-04","Grace Napolitano","0",0
"129",400291,"RepRichardNeal","Richard E. Neal","M","Democrat","MA","1949-02-14","Richard Neal","0",0
"130",400295,"EleanorNorton","Eleanor Holmes Norton","F","Democrat","DC","1937-06-13","Eleanor Norton","1",0
"131",400297,"Rep_DevinNunes","Devin Nunes","M","Republican","CA","1973-10-01","Devin Nunes","0",0
"132",400308,"FrankPallone","Frank Pallone Jr.","M","Democrat","NJ","1951-10-30","Frank Jr.","1",0
"133",400309,"BillPascrell","Bill Pascrell Jr.","M","Democrat","NJ","1937-01-25","Bill Jr.","0",0
"134",400313,"RepStevePearce","Stevan Pearce","M","Republican","NM","1947-08-24","Stevan Pearce","0",1
"135",400314,"NancyPelosi","Nancy Pelosi","F","Democrat","CA","1940-03-26","Nancy Pelosi","0",0
"136",400320,"RepJoePitts","Joseph R. Pitts","M","Republican","PA","1939-10-10","Joseph Pitts","1",0
"137",400325,"SenRobPortman","Rob Portman","M","Republican","OH","1955-12-19","Rob Portman","0",0
"138",400326,"RepDavidEPrice","David E. Price","M","Democrat","NC","1940-08-17","David Price","0",0
"139",400333,"CBRangel","Charles B. Rangel","M","Democrat","NY","1930-06-11","Charles Rangel","1",0
"140",400340,"RepHalRogers","Harold Rogers","M","Republican","KY","1937-12-31","Harold Rogers","0",0
"141",400341,"RepMikeRogersAL","Mike Rogers","M","Republican","AL","1958-07-16","Mike Rogers","0",0
"143",400344,"RosLehtinen","Ileana Ros-Lehtinen","F","Republican","FL","1952-07-15","Ileana Ros-Lehtinen","0",0
"144",400347,"RepRoybalAllard","Lucille Roybal-Allard","F","Democrat","CA","1941-06-12","Lucille Roybal-Allard","1",0
"145",400348,"RepEdRoyce","Edward R. Royce","M","Republican","CA","1951-10-12","Edward Royce","0",0
"146",400349,"Call_Me_Dutch","C. A. Dutch Ruppersberger","M","Democrat","MD","1946-01-31","C. Ruppersberger","0",0
"147",400350,"RepBobbyRush","Bobby L. Rush","M","Democrat","IL","1946-11-23","Bobby Rush","0",0
"148",400351,"SpeakerRyan","Paul D. Ryan","M","Republican","WI","1970-01-29","Paul Ryan","0",0
"149",400352,"RepTimRyan","Tim Ryan","M","Democrat","OH","1973-07-16","Tim Ryan","0",0
"150",400355,"RepLindaSanchez","Linda T. Sánchez","F","Democrat","CA","1969-01-28","Linda Sánchez","0",0
"151",400356,"LorettaSanchez","Loretta Sanchez","F","Democrat","CA","1960-01-07","Loretta Sanchez","0",0
"152",400357,"SenSanders","Bernard Sanders","M","Independent","VT","1941-09-08","Bernard Sanders","0",0
"153",400360,"JanSchakowsky","Janice D. Schakowsky","F","Democrat","IL","1944-05-26","Janice Schakowsky","0",0
"154",400361,"RepAdamSchiff","Adam B. Schiff","M","Democrat","CA","1960-06-22","Adam Schiff","0",0
"155",400363,"RepDavidScott","David Scott","M","Democrat","GA","1945-06-27","David Scott","0",0
"156",400364,"RepBobbyScott","Robert C. ""Bobby"" Scott","M","Democrat","VA","1947-04-30","Robert Scott","0",0
"157",400365,"JimPressOffice","F. James Sensenbrenner Jr.","M","Republican","WI","1943-06-14","F. Jr.","1",0
"158",400366,"RepJoseSerrano","José E. Serrano","M","Democrat","NY","1943-10-24","José Serrano","1",0
"159",400367,"PeteSessions","Pete Sessions","M","Republican","TX","1955-03-22","Pete Sessions","0",0
"160",400371,"BradSherman","Brad Sherman","M","Democrat","CA","1954-10-24","Brad Sherman","0",0
"161",400373,"RepShimkus","John Shimkus","M","Republican","IL","1958-02-21","John Shimkus","0",0
"162",400376,"CongMikeSimpson","Michael K. Simpson","M","Republican","ID","1950-09-08","Michael Simpson","0",0
"163",400378,"LouiseSlaughter","Louise McIntosh Slaughter","F","Democrat","NY","1929-08-14","Louise Slaughter","1",0
"164",400379,"RepAdamSmith","Adam Smith","M","Democrat","WA","1965-06-15","Adam Smith","0",0
"165",400380,"RepChrisSmith","Christopher H. Smith","M","Republican","NJ","1953-03-04","Christopher Smith","0",0
"166",400381,"LamarSmithTX21","Lamar Smith","M","Republican","TX","1947-11-19","Lamar Smith","0",0
"167",400402,"BennieGThompson","Bennie G. Thompson","M","Democrat","MS","1948-01-28","Bennie Thompson","1",0
"168",400403,"RepThompson","Mike Thompson","M","Democrat","CA","1951-01-24","Mike Thompson","0",0
"169",400404,"MacTXPress","Mac Thornberry","M","Republican","TX","1958-07-15","Mac Thornberry","0",0
"170",400406,"TiberiPress","Patrick J. Tiberi","M","Republican","OH","1962-10-21","Patrick Tiberi","0",0
"171",400408,"SenToomey","Patrick J. Toomey","M","Republican","PA","1961-11-17","Patrick Toomey","0",0
"172",400411,"RepMikeTurner","Michael R. Turner","M","Republican","OH","1960-01-11","Michael Turner","0",0
"173",400413,"SenatorTomUdall","Tom Udall","M","Democrat","NM","1948-05-18","Tom Udall","0",0
"174",400414,"RepFredUpton","Fred Upton","M","Republican","MI","1953-04-23","Fred Upton","0",0
"175",400415,"ChrisVanHollen","Chris Van Hollen","M","Democrat","MD","1959-01-10","Chris Hollen","0",0
"176",400416,"NydiaVelazquez","Nydia M. Velázquez","F","Democrat","NY","1953-03-28","Nydia Velázquez","0",0
"177",400417,"RepVisclosky","Peter J. Visclosky","M","Democrat","IN","1949-08-13","Peter Visclosky","0",0
"179",400419,"RepGregWalden","Greg Walden","M","Republican","OR","1957-01-10","Greg Walden","0",0
"180",400422,"MaxineWaters","Maxine Waters","F","Democrat","CA","1938-08-15","Maxine Waters","1",0
"181",400432,"SenatorWicker","Roger F. Wicker","M","Republican","MS","1951-07-05","Roger Wicker","0",0
"182",400433,"RepJoeWilson","Joe Wilson","M","Republican","SC","1947-07-31","Joe Wilson","1",0
"183",400440,"RepDonYoung","Don Young","M","Republican","AK","1933-06-09","Don Young","0",0
"184",400441,"RandyNeugebauer","Randy Neugebauer","M","Republican","TX","1949-12-24","Randy Neugebauer","0",0
"185",400546,"SenJohnThune","John Thune","M","Republican","SD","1961-01-07","John Thune","0",0
"186",400606,"RepMattSalmon","Matt Salmon","M","Republican","AZ","1958-01-21","Matt Salmon","0",0
"187",400607,"RepSanfordSC","Mark Sanford","M","Republican","SC","1960-05-28","Mark Sanford","0",1
"188",400616,"GKButterfield","G. K. Butterfield","M","Democrat","NC","1947-04-27","G. Butterfield","0",0
"189",400618,"RepJimCosta","Jim Costa","M","Democrat","CA","1952-04-13","Jim Costa","0",0
"190",400623,"RepDWStweets","Debbie Wasserman Schultz","F","Democrat","FL","1966-09-27","Debbie Schultz","0",0
"191",400626,"RepTomPrice","Tom Price","M","Republican","GA","1954-10-08","Tom Price","0",0
"192",400627,"RepWestmoreland","Lynn A. Westmoreland","M","Republican","GA","1950-04-02","Lynn Westmoreland","0",1
"193",400630,"RepLipinski","Daniel Lipinski","M","Democrat","IL","1966-07-15","Daniel Lipinski","0",0
"194",400636,"RepBoustany","Charles W. Boustany Jr.","M","Republican","LA","1956-02-21","Charles Jr.","0",0
"195",400639,"RepCleaver","Emanuel Cleaver","M","Democrat","MO","1944-10-26","Emanuel Cleaver","0",0
"196",400640,"JeffFortenberry","Jeff Fortenberry","M","Republican","NE","1960-12-27","Jeff Fortenberry","0",0
"197",400641,"RepBrianHiggins","Brian Higgins","M","Democrat","NY","1959-10-06","Brian Higgins","0",0
"198",400643,"VirginiaFoxx","Virginia Foxx","F","Republican","NC","1943-06-29","Virginia Foxx","0",0
"199",400644,"PatrickMcHenry","Patrick T. McHenry","M","Republican","NC","1975-10-22","Patrick McHenry","0",0
"200",400646,"RepFitzpatrick","Michael G. Fitzpatrick","M","Republican","PA","1963-06-28","Michael Fitzpatrick","0",0
"202",400651,"RepLouieGohmert","Louie Gohmert","M","Republican","TX","1953-08-18","Louie Gohmert","0",0
"203",400652,"JudgeTedPoe","Ted Poe","M","Republican","TX","1948-09-10","Ted Poe","0",0
"204",400653,"RepAlGreen","Al Green","M","Democrat","TX","1947-09-01","Al Green","0",0
"205",400654,"RepMcCaul","Michael T. McCaul","M","Republican","TX","1962-01-14","Michael McCaul","0",0
"206",400655,"ConawayTX11","K. Michael Conaway","M","Republican","TX","1948-06-11","K. Conaway","0",0
"207",400656,"RepKenMarchant","Kenny Marchant","M","Republican","TX","1951-02-23","Kenny Marchant","0",0
"208",400657,"RepCuellar","Henry Cuellar","M","Democrat","TX","1955-09-19","Henry Cuellar","0",0
"209",400659,"CathyMcMorris","Cathy McMorris Rodgers","F","Republican","WA","1969-05-22","Cathy Rodgers","0",0
"210",400660,"DaveReichert","David G. Reichert","M","Republican","WA","1950-08-29","David Reichert","0",0
"211",400661,"RepGwenMoore","Gwen Moore","F","Democrat","WI","1951-04-18","Gwen Moore","1",0
"212",400663,"DorisMatsui","Doris O. Matsui","F","Democrat","CA","1944-09-25","Doris Matsui","0",0
"213",402675,"SenDanCoats","Daniel Coats","M","Republican","IN","1943-05-16","Daniel Coats","0",0
"214",408211,"USRepRickNolan","Richard M. Nolan","M","Democrat","MN","1943-12-17","Richard Nolan","0",0
"215",409888,"RepBillShuster","Bill Shuster","M","Republican","PA","1961-01-10","Bill Shuster","0",0
"216",412186,"RepSires","Albio Sires","M","Democrat","NJ","1951-01-26","Albio Sires","0",0
"217",412189,"RepMcNerney","Jerry McNerney","M","Democrat","CA","1951-06-18","Jerry McNerney","0",0
"218",412190,"GOPLeader","Kevin McCarthy","M","Republican","CA","1965-01-26","Kevin McCarthy","0",0
"219",412191,"RepDLamborn","Doug Lamborn","M","Republican","CO","1954-05-24","Doug Lamborn","0",0
"220",412192,"RepPerlmutter","Ed Perlmutter","M","Democrat","CO","1953-05-01","Ed Perlmutter","0",0
"221",412193,"RepJoeCourtney","Joe Courtney","M","Democrat","CT","1953-04-06","Joe Courtney","1",0
"222",412194,"ChrisMurphyCT","Christopher Murphy","M","Democrat","CT","1973-08-03","Christopher Murphy","0",0
"223",412195,"USRepKCastor","Kathy Castor","F","Democrat","FL","1966-08-20","Kathy Castor","0",0
"224",412196,"VernBuchanan","Vern Buchanan","M","Republican","FL","1951-05-08","Vern Buchanan","0",0
"225",412199,"RepHankJohnson","Henry C. ""Hank"" Johnson Jr.","M","Democrat","GA","1954-10-02","Henry Jr.","0",0
"226",412200,"MazieHirono","Mazie K. Hirono","F","Democrat","HI","1947-11-03","Mazie Hirono","0",0
"227",412202,"PeterRoskam","Peter J. Roskam","M","Republican","IL","1961-09-13","Peter Roskam","0",0
"228",412205,"SenDonnelly","Joe Donnelly","M","Democrat","IN","1955-09-28","Joe Donnelly","0",0
"229",412209,"DaveLoebsack","David Loebsack","M","Democrat","IA","1952-12-23","David Loebsack","1",0
"230",412211,"RepJohnYarmuth","John A. Yarmuth","M","Democrat","KY","1947-11-04","John Yarmuth","1",0
"231",412212,"RepSarbanes","John P. Sarbanes","M","Democrat","MD","1962-05-22","John Sarbanes","0",0
"232",412213,"RepWalberg","Tim Walberg","M","Republican","MI","1951-04-12","Tim Walberg","1",0
"233",412214,"RepTimWalz","Timothy J. Walz","M","Democrat","MN","1964-04-06","Timothy Walz","0",0
"234",412215,"KeithEllison","Keith Ellison","M","Democrat","MN","1963-08-04","Keith Ellison","1",0
"235",412217,"RepAdrianSmith","Adrian Smith","M","Republican","NE","1970-12-19","Adrian Smith","0",0
"236",412218,"SenDeanHeller","Dean Heller","M","Republican","NV","1960-05-10","Dean Heller","0",0
"237",412221,"YvetteClarke","Yvette D. Clarke","F","Democrat","NY","1964-11-21","Yvette Clarke","1",0
"238",412226,"Jim_Jordan","Jim Jordan","M","Republican","OH","1964-02-17","Jim Jordan","0",0
"239",412236,"RepCohen","Steve Cohen","M","Democrat","TN","1949-05-24","Steve Cohen","1",0
"240",412239,"PeterWelch","Peter Welch","M","Democrat","VT","1947-05-02","Peter Welch","1",0
"242",412243,"McCaskillOffice","Claire McCaskill","F","Democrat","MO","1953-07-24","Claire McCaskill","0",0
"243",412244,"SenatorTester","Jon Tester","M","Democrat","MT","1956-08-21","Jon Tester","0",0
"244",412246,"SenBobCasey","Robert P. Casey, Jr.","M","Democrat","PA","1960-04-13","Robert Jr.","0",0
"245",412247,"SenWhitehouse","Sheldon Whitehouse","M","Democrat","RI","1955-10-20","Sheldon Whitehouse","0",0
"246",412248,"SenBobCorker","Bob Corker","M","Republican","TN","1952-08-24","Bob Corker","0",1
"247",412250,"RepGusBilirakis","Gus M. Bilirakis","M","Republican","FL","1963-02-08","Gus Bilirakis","0",0
"248",412251,"SenJohnBarrasso","John Barrasso","M","Republican","WY","1952-07-21","John Barrasso","0",0
"249",412254,"NikiInTheHouse","Niki Tsongas","F","Democrat","MA","1946-04-26","Niki Tsongas","0",0
"250",412255,"RobWittman","Robert J. Wittman","M","Republican","VA","1959-02-03","Robert Wittman","0",0
"251",412256,"BobLatta","Robert E. Latta","M","Republican","OH","1956-04-18","Robert Latta","0",0
"252",412257,"RepBillFoster","Bill Foster","M","Democrat","IL","1955-10-07","Bill Foster","0",0
"253",412258,"RepAndreCarson","André Carson","M","Democrat","IN","1974-10-16","André Carson","0",0
"254",412259,"RepSpeier","Jackie Speier","F","Democrat","CA","1950-05-14","Jackie Speier","0",0
"255",412261,"SteveScalise","Steve Scalise","M","Republican","LA","1965-10-06","Steve Scalise","0",0
"256",412263,"RepDonnaEdwards","Donna F. Edwards","F","Democrat","MD","1958-06-28","Donna Edwards","1",0
"258",412270,"JasonInTheHouse","Jason Chaffetz","M","Republican","UT","1967-03-26","Jason Chaffetz","0",0
"259",412271,"RepMikeCoffman","Mike Coffman","M","Republican","CO","1955-03-19","Mike Coffman","0",0
"260",412272,"GerryConnolly","Gerald E. Connolly","M","Democrat","VA","1950-03-30","Gerald Connolly","0",0
"261",412275,"RepFleming","John Fleming","M","Republican","LA","1951-07-05","John Fleming","0",1
"263",412278,"RepGuthrie","Brett Guthrie","M","Republican","KY","1964-02-18","Brett Guthrie","1",0
"264",412280,"GreggHarper","Gregg Harper","M","Republican","MS","1956-06-01","Gregg Harper","0",0
"265",412281,"MartinHeinrich","Martin Heinrich","M","Democrat","NM","1971-10-17","Martin Heinrich","0",0
"266",412282,"JAHimes","James A. Himes","M","Democrat","CT","1966-07-05","James Himes","0",0
"267",412283,"Rep_Hunter","Duncan Hunter","M","Republican","CA","1976-12-07","Duncan Hunter","0",0
"268",412284,"RepLynnJenkins","Lynn Jenkins","F","Republican","KS","1963-06-10","Lynn Jenkins","0",0
"269",412286,"RepKirkpatrick","Ann Kirkpatrick","F","Democrat","AZ","1950-03-24","Ann Kirkpatrick","0",0
"270",412290,"RepLanceNJ7","Leonard Lance","M","Republican","NJ","1952-06-25","Leonard Lance","0",0
"271",412292,"RepBlainePress","Blaine Luetkemeyer","M","Republican","MO","1952-05-07","Blaine Luetkemeyer","0",0
"272",412293,"RepBenRayLujan","Ben Ray Luján","M","Democrat","NM","1972-06-07","Ben Luján","0",0
"273",412294,"CynthiaLummis","Cynthia M. Lummis","F","Republican","WY","1954-09-10","Cynthia Lummis","0",1
"274",412295,"RepMcClintock","Tom McClintock","M","Republican","CA","1956-07-10","Tom McClintock","0",0
"275",412302,"RepPeteOlson","Pete Olson","M","Republican","TX","1962-12-09","Pete Olson","0",0
"276",412303,"RepErikPaulsen","Erik Paulsen","M","Republican","MN","1965-05-14","Erik Paulsen","0",0
"277",412305,"SenGaryPeters","Gary C. Peters","M","Democrat","MI","1958-12-01","Gary Peters","0",0
"278",412306,"PedroPierluisi","Pedro R. Pierluisi","M","Democrat","PR","1959-04-26","Pedro Pierluisi","0",0
"279",412307,"ChelliePingree","Chellie Pingree","F","Democrat","ME","1955-04-02","Chellie Pingree","1",0
"280",412308,"JaredPolis","Jared Polis","M","Democrat","CO","1975-05-12","Jared Polis","1",0
"281",412309,"CongBillPosey","Bill Posey","M","Republican","FL","1947-12-18","Bill Posey","0",1
"282",412310,"DrPhilRoe","David P. Roe","M","Republican","TN","1945-07-21","David Roe","0",0
"283",412311,"TomRooney","Thomas J. Rooney","M","Republican","FL","1970-11-21","Thomas Rooney","0",0
"285",412315,"RepSchrader","Kurt Schrader","M","Democrat","OR","1951-10-19","Kurt Schrader","0",0
"286",412317,"CongressmanGT","Glenn Thompson","M","Republican","PA","1959-07-27","Glenn Thompson","0",0
"287",412318,"RepDinaTitus","Dina Titus","F","Democrat","NV","1950-05-23","Dina Titus","0",0
"288",412319,"RepPaulTonko","Paul Tonko","M","Democrat","NY","1949-06-18","Paul Tonko","0",0
"289",412321,"MarkWarner","Mark R. Warner","M","Democrat","VA","1954-12-15","Mark Warner","0",0
"290",412322,"SenatorRisch","James E. Risch","M","Republican","ID","1943-05-03","James Risch","0",0
"291",412323,"SenatorShaheen","Jeanne Shaheen","F","Democrat","NH","1947-01-28","Jeanne Shaheen","0",0
"292",412325,"SenJeffMerkley","Jeff Merkley","M","Democrat","OR","1956-10-24","Jeff Merkley","0",0
"293",412327,"RepMarciaFudge","Marcia L. Fudge","F","Democrat","OH","1952-10-29","Marcia Fudge","1",0
"294",412330,"SenBennetCo","Michael F. Bennet","M","Democrat","CO","1964-11-28","Michael Bennet","0",0
"295",412331,"RepMikeQuigley","Mike Quigley","M","Democrat","IL","1958-10-17","Mike Quigley","0",0
"296",412378,"SenFranken","Al Franken","M","Democrat","MN","1951-05-21","Al Franken","0",0
"297",412379,"RepJudyChu","Judy Chu","F","Democrat","CA","1953-07-07","Judy Chu","1",0
"298",412382,"RepGaramendi","John Garamendi","M","Democrat","CA","1945-01-24","John Garamendi","0",0
"299",412385,"RepTedDeutch","Theodore E. Deutch","M","Democrat","FL","1966-05-07","Theodore Deutch","0",0
"300",412388,"RepTomGraves","Tom Graves","M","Republican","GA","1970-02-03","Tom Graves","0",0
"301",412390,"SenCoonsOffice","Christopher A. Coons","M","Democrat","DE","1963-09-09","Christopher Coons","0",0
"302",412391,"Sen_JoeManchin","Joe Manchin, III","M","Democrat","WV","1947-08-24","Joe III","1",0
"303",412392,"RepStutzman","Marlin A. Stutzman","M","Republican","IN","1976-08-31","Marlin Stutzman","0",1
"304",412393,"RepTomReed","Tom Reed","M","Republican","NY","1971-11-18","Tom Reed","0",0
"305",412394,"RepMarthaRoby","Martha Roby","F","Republican","AL","1976-07-27","Martha Roby","0",0
"306",412395,"RepMoBrooks","Mo Brooks","M","Republican","AL","1954-04-29","Mo Brooks","0",1
"307",412396,"RepTerriSewell","Terri A. Sewell","F","Democrat","AL","1965-01-01","Terri Sewell","0",0
"308",412397,"RepGosar","Paul A. Gosar","M","Republican","AZ","1958-11-22","Paul Gosar","0",1
"309",412399,"RepDavid","David Schweikert","M","Republican","AZ","1962-03-03","David Schweikert","0",1
"310",412400,"RepRickCrawford","Eric A. ""Rick"" Crawford","M","Republican","AR","1966-01-22","Eric Crawford","0",0
"311",412402,"Rep_SteveWomack","Steve Womack","M","Republican","AR","1957-02-18","Steve Womack","0",0
"312",412403,"RepJeffDenham","Jeff Denham","M","Republican","CA","1967-07-29","Jeff Denham","0",0
"313",412404,"RepKarenBass","Karen Bass","F","Democrat","CA","1953-10-03","Karen Bass","0",0
"314",412405,"RepTipton","Scott R. Tipton","M","Republican","CO","1956-11-09","Scott Tipton","0",0
"315",412406,"SenCoryGardner","Cory Gardner","M","Republican","CO","1974-08-22","Cory Gardner","0",0
"316",412407,"JohnCarneyde","John C. Carney Jr.","M","Democrat","DE","1956-05-20","John Jr.","0",0
"317",412409,"RepRichNugent","Richard B. Nugent","M","Republican","FL","1951-05-26","Richard Nugent","0",0
"318",412410,"RepWebster","Daniel Webster","M","Republican","FL","1949-04-27","Daniel Webster","0",0
"319",412411,"RepDennisRoss","Dennis A. Ross","M","Republican","FL","1959-10-18","Dennis Ross","0",0
"320",412412,"RepWilson","Frederica S. Wilson","F","Democrat","FL","1942-11-05","Frederica Wilson","1",0
"321",412416,"RepRobWoodall","Rob Woodall","M","Republican","GA","1970-02-11","Rob Woodall","0",0
"322",412417,"AustinScottGA08","Austin Scott","M","Republican","GA","1969-12-10","Austin Scott","0",0
"323",412419,"Raul_Labrador","Raúl R. Labrador","M","Republican","ID","1967-12-08","Raúl Labrador","0",1
"324",412420,"RepDold","Robert J. Dold","M","Republican","IL","1969-06-23","Robert Dold","0",0
"325",412421,"RepKinzinger","Adam Kinzinger","M","Republican","IL","1978-02-27","Adam Kinzinger","0",0
"326",412422,"RepHultgren","Randy Hultgren","M","Republican","IL","1966-03-01","Randy Hultgren","0",0
"327",412426,"ToddRokita","Todd Rokita","M","Republican","IN","1970-02-09","Todd Rokita","0",0
"328",412427,"RepLarryBucshon","Larry Bucshon","M","Republican","IN","1962-05-31","Larry Bucshon","0",0
"329",412428,"RepToddYoung","Todd C. Young","M","Republican","IN","1972-08-24","Todd Young","0",0
"330",412429,"CongHuelskamp","Tim Huelskamp","M","Republican","KS","1968-11-11","Tim Huelskamp","0",1
"331",412430,"RepKevinYoder","Kevin Yoder","M","Republican","KS","1976-01-08","Kevin Yoder","0",0
"332",412431,"RepMikePompeo","Mike Pompeo","M","Republican","KS","1963-12-30","Mike Pompeo","0",0
"333",412432,"RepRichmond","Cedric L. Richmond","M","Democrat","LA","1973-09-13","Cedric Richmond","0",0
"334",412434,"RepAndyHarrisMD","Andy Harris","M","Republican","MD","1957-01-25","Andy Harris","0",1
"335",412435,"USRepKeating","William R. Keating","M","Democrat","MA","1952-09-06","William Keating","0",0
"336",412436,"CongressmanDan","Dan Benishek","M","Republican","MI","1952-04-20","Dan Benishek","0",0
"337",412437,"RepHuizenga","Bill Huizenga","M","Republican","MI","1969-01-31","Bill Huizenga","0",0
"339",412443,"CongPalazzo","Steven M. Palazzo","M","Republican","MS","1970-02-21","Steven Palazzo","0",0
"340",412444,"RepHartzler","Vicky Hartzler","F","Republican","MO","1960-10-13","Vicky Hartzler","0",0
"341",412445,"USRepLong","Billy Long","M","Republican","MO","1955-08-11","Billy Long","0",0
"342",412446,"RepJoeHeck","Joseph J. Heck","M","Republican","NV","1961-10-30","Joseph Heck","0",0
"343",412447,"RepFrankGuinta","Frank C. Guinta","M","Republican","NH","1970-09-26","Frank Guinta","0",0
"344",412453,"RepChrisGibson","Christopher P. Gibson","M","Republican","NY","1964-05-13","Christopher Gibson","0",0
"345",412454,"RepRichardHanna","Richard L. Hanna","M","Republican","NY","1951-01-25","Richard Hanna","0",0
"346",412457,"RepReneeEllmers","Renee L. Ellmers","F","Republican","NC","1964-02-09","Renee Ellmers","0",0
"347",412460,"RepBillJohnson","Bill Johnson","M","Republican","OH","1954-11-10","Bill Johnson","0",0
"348",412461,"RepSteveStivers","Steve Stivers","M","Republican","OH","1965-03-24","Steve Stivers","0",0
"349",412462,"RepJimRenacci","James B. Renacci","M","Republican","OH","1958-12-03","James Renacci","0",0
"350",412463,"RepBobGibbs","Bob Gibbs","M","Republican","OH","1954-06-14","Bob Gibbs","0",0
"351",412464,"SenatorLankford","James Lankford","M","Republican","OK","1968-03-04","James Lankford","0",0
"352",412465,"MikeKellyPA","Mike Kelly","M","Republican","PA","1948-05-10","Mike Kelly","0",0
"353",412466,"RepMeehan","Patrick Meehan","M","Republican","PA","1955-10-20","Patrick Meehan","0",0
"354",412468,"RepTomMarino","Tom Marino","M","Republican","PA","1952-08-15","Tom Marino","0",0
"355",412469,"RepLouBarletta","Lou Barletta","M","Republican","PA","1956-01-28","Lou Barletta","0",0
"356",412470,"RepCicilline","David N. Cicilline","M","Democrat","RI","1961-07-15","David Cicilline","1",0
"357",412471,"SenatorTimScott","Tim Scott","M","Republican","SC","1965-09-19","Tim Scott","0",0
"358",412472,"RepJeffDuncan","Jeff Duncan","M","Republican","SC","1966-01-07","Jeff Duncan","0",1
"359",412473,"TGowdySC","Trey Gowdy","M","Republican","SC","1964-08-22","Trey Gowdy","0",0
"360",412474,"RepMickMulvaney","Mick Mulvaney","M","Republican","SC","1967-07-21","Mick Mulvaney","0",1
"361",412475,"RepKristiNoem","Kristi L. Noem","F","Republican","SD","1971-11-30","Kristi Noem","0",0
"362",412476,"RepChuck","Charles J. ""Chuck"" Fleischmann","M","Republican","TN","1962-10-11","Charles Fleischmann","0",0
"363",412477,"DesJarlaisTN04","Scott DesJarlais","M","Republican","TN","1964-02-21","Scott DesJarlais","0",1
"364",412478,"RepDianeBlack","Diane Black","F","Republican","TN","1951-01-16","Diane Black","0",0
"365",412479,"RepFincherTN08","Stephen Lee Fincher","M","Republican","TN","1973-02-07","Stephen Fincher","0",0
"366",412480,"RepBillFlores","Bill Flores","M","Republican","TX","1954-02-25","Bill Flores","0",0
"367",412482,"Farenthold","Blake Farenthold","M","Republican","TX","1961-12-12","Blake Farenthold","0",0
"368",412483,"RepScottRigell","E. Scott Rigell","M","Republican","VA","1960-05-28","E. Rigell","0",0
"369",412484,"RepRobertHurt","Robert Hurt","M","Republican","VA","1969-06-16","Robert Hurt","0",0
"370",412485,"RepMGriffith","H. Morgan Griffith","M","Republican","VA","1958-03-15","H. Griffith","0",0
"371",412486,"HerreraBeutler","Jaime Herrera Beutler","F","Republican","WA","1978-11-03","Jaime Beutler","0",0
"372",412487,"RepMcKinley","David B. McKinley","M","Republican","WV","1947-03-28","David McKinley","0",0
"373",412488,"RepSeanDuffy","Sean P. Duffy","M","Republican","WI","1971-10-03","Sean Duffy","0",0
"374",412489,"RepRibble","Reid J. Ribble","M","Republican","WI","1956-04-05","Reid Ribble","0",0
"375",412490,"SenBlumenthal","Richard Blumenthal","M","Democrat","CT","1946-02-13","Richard Blumenthal","0",0
"376",412491,"SenRubioPress","Marco Rubio","M","Republican","FL","1971-05-28","Marco Rubio","0",0
"378",412493,"KellyAyotte","Kelly Ayotte","F","Republican","NH","1968-06-27","Kelly Ayotte","0",0
"379",412494,"SenJohnHoeven","John Hoeven","M","Republican","ND","1957-03-13","John Hoeven","0",0
"380",412495,"SenMikeLee","Mike Lee","M","Republican","UT","1971-06-04","Mike Lee","0",0
"381",412496,"SenRonJohnson","Ron Johnson","M","Republican","WI","1955-04-08","Ron Johnson","0",0
"382",412500,"MarkAmodeiNV2","Mark E. Amodei","M","Republican","NV","1958-06-12","Mark Amodei","0",0
"383",412501,"RepBonamici","Suzanne Bonamici","F","Democrat","OR","1954-10-14","Suzanne Bonamici","1",1
"384",412505,"RepDelBene","Suzan K. DelBene","F","Democrat","WA","1962-02-17","Suzan DelBene","0",0
"385",412506,"RepDonaldPayne","Donald M. Payne Jr.","M","Democrat","NJ","1958-12-17","Donald Jr.","0",0
"386",412507,"SenBrianSchatz","Brian Schatz","M","Democrat","HI","1972-10-20","Brian Schatz","0",0
"387",412508,"SenTomCotton","Tom Cotton","M","Republican","AR","1977-05-13","Tom Cotton","0",0
"388",412509,"RepSinema","Kyrsten Sinema","F","Democrat","AZ","1976-07-12","Kyrsten Sinema","0",0
"389",412510,"RepLaMalfa","Doug LaMalfa","M","Republican","CA","1960-07-02","Doug LaMalfa","0",0
"390",412511,"RepHuffman","Jared Huffman","M","Democrat","CA","1964-02-18","Jared Huffman","1",0
"391",412512,"RepBera","Ami Bera","M","Democrat","CA","1965-03-02","Ami Bera","0",0
"392",412513,"RepPaulCook","Paul Cook","M","Republican","CA","1943-03-03","Paul Cook","0",0
"393",412514,"RepSwalwell","Eric Swalwell","M","Democrat","CA","1980-11-16","Eric Swalwell","0",0
"394",412515,"RepDavidValadao","David G. Valadao","M","Republican","CA","1977-04-14","David Valadao","0",0
"395",412516,"JuliaBrownley26","Julia Brownley","F","Democrat","CA","1952-08-28","Julia Brownley","0",0
"396",412517,"RepCardenas","Tony Cárdenas","M","Democrat","CA","1963-03-31","Tony Cárdenas","0",0
"397",412519,"CongressmanRuiz","Raul Ruiz","M","Democrat","CA","1972-08-25","Raul Ruiz","0",0
"398",412520,"RepMarkTakano","Mark Takano","M","Democrat","CA","1960-12-10","Mark Takano","1",0
"399",412521,"RepLowenthal","Alan S. Lowenthal","M","Democrat","CA","1941-03-08","Alan Lowenthal","1",0
"400",412522,"RepJuanVargas","Juan Vargas","M","Democrat","CA","1961-03-07","Juan Vargas","0",0
"401",412523,"RepScottPeters","Scott H. Peters","M","Democrat","CA","1958-06-17","Scott Peters","0",0
"402",412524,"RepEsty","Elizabeth H. Esty","F","Democrat","CT","1959-08-25","Elizabeth Esty","0",0
"403",412525,"RepTedYoho","Ted S. Yoho","M","Republican","FL","1955-04-13","Ted Yoho","0",1
"404",412526,"RepDeSantis","Ron DeSantis","M","Republican","FL","1978-09-14","Ron DeSantis","0",0
"405",412527,"RepMurphyFL","Patrick Murphy","M","Democrat","FL","1983-03-30","Patrick Murphy","0",0
"406",412529,"RepLoisFrankel","Lois Frankel","F","Democrat","FL","1948-05-16","Lois Frankel","1",0
"407",412531,"RepDougCollins","Doug Collins","M","Republican","GA","1966-08-16","Doug Collins","0",0
"408",412532,"TulsiPress","Tulsi Gabbard","F","Democrat","HI","1981-04-12","Tulsi Gabbard","0",0
"409",412533,"RepDuckworth","Tammy Duckworth","F","Democrat","IL","1968-03-12","Tammy Duckworth","0",0
"410",412536,"RodneyDavis","Rodney Davis","M","Republican","IL","1970-01-05","Rodney Davis","0",0
"411",412537,"RepCheri","Cheri Bustos","F","Democrat","IL","1961-10-17","Cheri Bustos","0",0
"412",412538,"RepWalorski","Jackie Walorski","F","Republican","IN","1963-08-17","Jackie Walorski","0",0
"413",412539,"SusanWBrooks","Susan W. Brooks","F","Republican","IN","1960-08-25","Susan Brooks","0",0
"414",412540,"RepLukeMesser","Luke Messer","M","Republican","IN","1969-02-27","Luke Messer","0",0
"415",412541,"RepAndyBarr","Andy Barr","M","Republican","KY","1973-07-24","Andy Barr","0",0
"416",412542,"SenWarren","Elizabeth Warren","F","Democrat","MA","1949-06-22","Elizabeth Warren","0",0
"417",412543,"RepJoeKennedy","Joseph P. Kennedy III","M","Democrat","MA","1980-10-04","Joseph III","0",0
"418",412544,"RepJohnDelaney","John K. Delaney","M","Democrat","MD","1963-04-16","John Delaney","0",0
"419",412545,"SenAngusKing","Angus S. King, Jr.","M","Independent","ME","1944-03-31","Angus Jr.","0",0
"420",412546,"RepDanKildee","Daniel T. Kildee","M","Democrat","MI","1958-08-11","Daniel Kildee","0",0
"421",412548,"RepAnnWagner","Ann Wagner","F","Republican","MO","1962-09-13","Ann Wagner","0",0
"422",412549,"SteveDaines","Steve Daines","M","Republican","MT","1962-08-20","Steve Daines","0",0
"423",412550,"RepRichHudson","Richard Hudson","M","Republican","NC","1971-11-04","Richard Hudson","0",0
"424",412551,"RepPittenger","Robert Pittenger","M","Republican","NC","1948-08-15","Robert Pittenger","0",0
"425",412552,"RepMarkMeadows","Mark Meadows","M","Republican","NC","1959-07-28","Mark Meadows","0",1
"426",412553,"RepHolding","George Holding","M","Republican","NC","1968-04-17","George Holding","0",0
"427",412554,"SenatorHeitkamp","Heidi Heitkamp","F","Democrat","ND","1955-10-30","Heidi Heitkamp","0",0
"428",412555,"RepKevinCramer","Kevin Cramer","M","Republican","ND","1961-01-21","Kevin Cramer","0",0
"429",412556,"SenatorFischer","Deb Fischer","F","Republican","NE","1951-03-01","Deb Fischer","0",0
"430",412557,"RepAnnieKuster","Ann M. Kuster","F","Democrat","NH","1956-09-05","Ann Kuster","1",0
"431",412558,"RepLujanGrisham","Michelle Lujan Grisham","F","Democrat","NM","1959-10-24","Michelle Grisham","0",0
"432",412560,"RepGraceMeng","Grace Meng","F","Democrat","NY","1975-10-01","Grace Meng","0",0
"433",412561,"RepJeffries","Hakeem S. Jeffries","M","Democrat","NY","1970-08-04","Hakeem Jeffries","1",0
"434",412562,"RepSeanMaloney","Sean Patrick Maloney","M","Democrat","NY","1966-07-30","Sean Maloney","0",0
"435",412563,"RepChrisCollins","Chris Collins","M","Republican","NY","1950-05-20","Chris Collins","0",0
"436",412564,"RepBradWenstrup","Brad R. Wenstrup","M","Republican","OH","1958-06-17","Brad Wenstrup","0",0
"437",412565,"RepBeatty","Joyce Beatty","F","Democrat","OH","1950-03-12","Joyce Beatty","0",0
"438",412566,"RepDaveJoyce","David P. Joyce","M","Republican","OH","1957-03-17","David Joyce","0",0
"439",412567,"RepJBridenstine","Jim Bridenstine","M","Republican","OK","1975-06-15","Jim Bridenstine","0",1
"440",412568,"RepMullin","Markwayne Mullin","M","Republican","OK","1977-07-26","Markwayne Mullin","0",0
"441",412569,"RepScottPerry","Scott Perry","M","Republican","PA","1962-05-27","Scott Perry","0",1
"442",412570,"KeithRothfus","Keith J. Rothfus","M","Republican","PA","1962-04-25","Keith Rothfus","0",1
"443",412571,"RepCartwright","Matt Cartwright","M","Democrat","PA","1961-05-01","Matt Cartwright","1",0
"444",412572,"RepTomRice","Tom Rice","M","Republican","SC","1957-08-04","Tom Rice","0",0
"445",412573,"SenTedCruz","Ted Cruz","M","Republican","TX","1970-12-22","Ted Cruz","0",0
"446",412574,"TXRandy14","Randy K. Weber Sr.","M","Republican","TX","1953-07-02","Randy Sr.","0",0
"447",412575,"RepBetoORourke","Beto O'Rourke","M","Democrat","TX","1972-09-26","Beto O'Rourke","0",0
"448",412576,"JoaquinCastrotx","Joaquin Castro","M","Democrat","TX","1974-09-16","Joaquin Castro","0",0
"449",412578,"RepRWilliams","Roger Williams","M","Republican","TX","1949-09-13","Roger Williams","0",0
"450",412579,"RepVeasey","Marc A. Veasey","M","Democrat","TX","1971-01-03","Marc Veasey","0",0
"451",412580,"RepFilemonVela","Filemon Vela","M","Democrat","TX","1963-02-13","Filemon Vela","0",0
"452",412581,"RepChrisStewart","Chris Stewart","M","Republican","UT","1960-07-15","Chris Stewart","0",0
"453",412582,"SenKaineOffice","Tim Kaine","M","Democrat","VA","1958-02-26","Tim Kaine","0",0
"454",412583,"RepDerekKilmer","Derek Kilmer","M","Democrat","WA","1974-01-01","Derek Kilmer","0",0
"455",412584,"RepDennyHeck","Denny Heck","M","Democrat","WA","1952-07-29","Denny Heck","0",0
"456",412585,"RepMarkPocan","Mark Pocan","M","Democrat","WI","1964-08-14","Mark Pocan","1",0
"457",412596,"RepJasonSmith","Jason Smith","M","Republican","MO","1980-06-16","Jason Smith","0",0
"458",412598,"CoryBooker","Cory A. Booker","M","Democrat","NJ","1969-04-27","Cory Booker","0",0
"459",412600,"RepKClark","Katherine M. Clark","F","Democrat","MA","1963-07-17","Katherine Clark","1",1
"460",412601,"RepByrne","Bradley Byrne","M","Republican","AL","1955-02-16","Bradley Byrne","0",0
"461",412603,"USRepDavidJolly","David W. Jolly","M","Republican","FL","1972-10-31","David Jolly","0",0
"462",412604,"RepCurtClawson","Curt Clawson","M","Republican","FL","1959-09-28","Curt Clawson","0",1
"463",412605,"RepDaveBrat","Dave Brat","M","Republican","VA","1964-07-27","Dave Brat","0",0
"464",412606,"DonaldNorcross","Donald Norcross","M","Democrat","NJ","1958-12-13","Donald Norcross","0",0
"465",412607,"RepAdams","Alma S. Adams","F","Democrat","NC","1946-05-27","Alma Adams","1",0
"466",412608,"USRepGaryPalmer","Gary J. Palmer","M","Republican","AL","1954-05-14","Gary Palmer","0",1
"467",412609,"RepFrenchHill","J. French Hill","M","Republican","AR","1956-12-05","J. Hill","0",0
"468",412610,"RepWesterman","Bruce Westerman","M","Republican","AR","1967-11-18","Bruce Westerman","0",0
"469",412611,"RepMcSally","Martha McSally","F","Republican","AZ","1966-03-22","Martha McSally","0",0
"470",412612,"RepRubenGallego","Ruben Gallego","M","Democrat","AZ","1979-11-20","Ruben Gallego","0",0
"471",412613,"RepDeSaulnier","Mark DeSaulnier","M","Democrat","CA","1952-03-31","Mark DeSaulnier","0",0
"472",412614,"SteveKnight25","Stephen Knight","M","Republican","CA","1966-12-17","Stephen Knight","0",0
"473",412615,"reppeteaguilar","Pete Aguilar","M","Democrat","CA","1979-06-19","Pete Aguilar","0",0
"474",412616,"RepTedLieu","Ted Lieu","M","Democrat","CA","1969-03-29","Ted Lieu","1",0
"475",412617,"NormaJTorres","Norma J. Torres","F","Democrat","CA","1965-04-04","Norma Torres","0",0
"476",412618,"RepMimiWalters","Mimi Walters","F","Republican","CA","1962-05-14","Mimi Walters","0",1
"477",412619,"RepKenBuck","Ken Buck","M","Republican","CO","1959-02-16","Ken Buck","0",1
"478",412620,"RepGwenGraham","Gwen Graham","F","Democrat","FL","1963-01-31","Gwen Graham","0",0
"479",412621,"RepCurbelo","Carlos Curbelo","M","Republican","FL","1980-03-01","Carlos Curbelo","0",0
"480",412622,"RepBuddyCarter","Earl L. ""Buddy"" Carter","M","Republican","GA","1957-09-06","Earl Carter","0",0
"481",412623,"congressmanhice","Jody B. Hice","M","Republican","GA","1960-04-22","Jody Hice","0",1
"482",412624,"RepLoudermilk","Barry Loudermilk","M","Republican","GA","1963-12-22","Barry Loudermilk","0",1
"483",412625,"reprickallen","Rick W. Allen","M","Republican","GA","1951-11-07","Rick Allen","1",0
"484",412627,"RepRodBlum","Rod Blum","M","Republican","IA","1955-04-26","Rod Blum","0",1
"485",412628,"RepDavidYoung","David Young","M","Republican","IA","1968-05-11","David Young","0",0
"486",412629,"RepBost","Mike Bost","M","Republican","IL","1960-12-30","Mike Bost","0",0
"487",412630,"RepAbraham","Ralph Lee Abraham","M","Republican","LA","1954-09-16","Ralph Abraham","0",0
"488",412631,"RepGarretGraves","Garret Graves","M","Republican","LA","1972-01-31","Garret Graves","0",0
"489",412632,"teammoulton","Seth Moulton","M","Democrat","MA","1978-10-24","Seth Moulton","0",0
"490",412633,"RepPoliquin","Bruce Poliquin","M","Republican","ME","1953-11-01","Bruce Poliquin","0",0
"491",412634,"RepMoolenaar","John R. Moolenaar","M","Republican","MI","1961-05-08","John Moolenaar","0",0
"492",412635,"RepMikeBishop","Mike Bishop","M","Republican","MI","1967-03-18","Mike Bishop","0",0
"493",412636,"repdavetrott","David A. Trott","M","Republican","MI","1960-10-16","David Trott","0",0
"494",412637,"RepDebDingell","Debbie Dingell","F","Democrat","MI","1953-11-23","Debbie Dingell","0",0
"495",412638,"RepLawrence","Brenda L. Lawrence","F","Democrat","MI","1954-10-18","Brenda Lawrence","1",0
"496",412639,"RepTomEmmer","Tom Emmer","M","Republican","MN","1961-03-03","Tom Emmer","0",0
"497",412640,"RepRyanZinke","Ryan K. Zinke","M","Republican","MT","1961-11-01","Ryan Zinke","0",0
"498",412641,"RepDavidRouzer","David Rouzer","M","Republican","NC","1972-02-16","David Rouzer","0",0
"499",412642,"RepBradAshford","Brad Ashford","M","Democrat","NE","1949-11-10","Brad Ashford","0",0
"500",412643,"RepTomMacArthur","Thomas MacArthur","M","Republican","NJ","1960-10-16","Thomas MacArthur","0",0
"501",412644,"RepBonnie","Bonnie Watson Coleman","F","Democrat","NJ","1945-02-06","Bonnie Coleman","1",0
"502",412645,"RepHardy","Cresent Hardy","M","Republican","NV","1957-06-23","Cresent Hardy","0",0
"503",412646,"RepLeeZeldin","Lee M. Zeldin","M","Republican","NY","1980-01-30","Lee Zeldin","0",0
"504",412647,"RepKathleenRice","Kathleen M. Rice","F","Democrat","NY","1965-02-15","Kathleen Rice","0",0
"505",412648,"RepStefanik","Elise M. Stefanik","F","Republican","NY","1984-07-02","Elise Stefanik","0",0
"506",412649,"RepJohnKatko","John Katko","M","Republican","NY","1962-11-09","John Katko","0",0
"507",412650,"RepRussell","Steve Russell","M","Republican","OK","1963-05-25","Steve Russell","1",0
"508",412651,"RepRyanCostello","Ryan A. Costello","M","Republican","PA","1976-09-07","Ryan Costello","0",0
"509",412652,"RepBrendanBoyle","Brendan F. Boyle","M","Democrat","PA","1977-02-06","Brendan Boyle","0",0
"510",412653,"RepRatcliffe","John Ratcliffe","M","Republican","TX","1965-10-20","John Ratcliffe","0",0
"511",412654,"hurdonthehill","Will Hurd","M","Republican","TX","1977-08-19","Will Hurd","0",0
"512",412655,"RepBrianBabin","Brian Babin","M","Republican","TX","1948-03-23","Brian Babin","0",0
"513",412656,"repmialove","Mia B. Love","F","Republican","UT","1975-12-06","Mia Love","0",0
"514",412657,"repdonbeyer","Donald S. Beyer Jr.","M","Democrat","VA","1950-06-20","Donald Jr.","0",0
"515",412658,"RepComstock","Barbara Comstock","F","Republican","VA","1959-06-30","Barbara Comstock","0",0
"516",412659,"staceyplaskett","Stacey E. Plaskett","F","Democrat","VI","1964-05-13","Stacey Plaskett","0",0
"517",412660,"RepNewhouse","Dan Newhouse","M","Republican","WA","1955-07-10","Dan Newhouse","0",0
"518",412661,"RepGrothman","Glenn Grothman","M","Republican","WI","1955-07-03","Glenn Grothman","0",0
"519",412662,"RepAlexMooney","Alexander X. Mooney","M","Republican","WV","1971-06-05","Alexander Mooney","0",0
"520",412663,"RepEvanJenkins","Evan H. Jenkins","M","Republican","WV","1960-09-12","Evan Jenkins","0",0
"521",412664,"RepAmata","Aumua Amata Coleman Radewagen","F","Republican","AS","1947-12-29","Aumua Radewagen","0",0
"522",412665,"SenDanSullivan","Daniel Sullivan","M","Republican","AK","1964-11-13","Daniel Sullivan","0",0
"523",412666,"sendavidperdue","David Perdue","M","Republican","GA","1949-12-10","David Perdue","0",0
"524",412667,"SenJoniErnst","Joni Ernst","F","Republican","IA","1970-07-01","Joni Ernst","0",0
"525",412668,"senthomtillis","Thom Tillis","M","Republican","NC","1960-08-30","Thom Tillis","0",0
"526",412669,"SenatorRounds","Mike Rounds","M","Republican","SD","1954-10-24","Mike Rounds","0",0
"527",412670,"RepMarkWalker","Mark Walker","M","Republican","NC","1969-05-20","Mark Walker","1",0
"528",412671,"SenSasse","Ben Sasse","M","Republican","NE","1972-02-22","Ben Sasse","0",0
"529",412672,"RepDanDonovan","Daniel M. Donovan Jr.","M","Republican","NY","1956-11-06","Daniel Jr.","0",0
"530",412673,"reptrentkelly","Trent Kelly","M","Republican","MS","1966-03-01","Trent Kelly","0",0
"531",412674,"RepLaHood","Darin LaHood","M","Republican","IL","1968-07-05","Darin LaHood","0",0
"519.1",NA,NA,NA,NA,NA,NA,NA,NA,NA,1
